,date,open,close,high,low,volume,code
27,2014-02-17,7922.74,7943.96,7947.73,7866.3,139448761.0,sz399001
28,2014-02-18,7947.42,7832.47,7947.42,7808.15,142305667.0,sz399001
29,2014-02-19,7837.41,7953.94,7967.07,7816.06,140505011.0,sz399001
30,2014-02-20,7956.92,7842.12,7997.02,7836.27,137947010.0,sz399001
31,2014-02-21,7825.54,7750.56,7859.2,7718.53,106281395.0,sz399001
32,2014-02-24,7697.21,7542.53,7697.21,7465.91,118028146.0,sz399001
33,2014-02-25,7551.0,7303.94,7559.8,7272.34,154599765.0,sz399001
34,2014-02-26,7271.19,7319.61,7349.17,7226.18,115869673.0,sz399001
35,2014-02-27,7352.59,7188.74,7361.15,7179.17,124623535.0,sz399001
36,2014-02-28,7181.43,7365.92,7366.69,7174.33,105580617.0,sz399001
37,2014-03-03,7349.95,7391.91,7410.66,7335.43,107887844.0,sz399001
38,2014-03-04,7390.67,7347.11,7390.67,7272.64,110223823.0,sz399001
39,2014-03-05,7352.72,7298.13,7370.63,7279.3,101704201.0,sz399001
40,2014-03-06,7282.74,7352.03,7374.84,7186.7,102123510.0,sz399001
41,2014-03-07,7338.75,7328.48,7382.14,7306.05,99319674.0,sz399001
42,2014-03-10,7269.49,7118.44,7269.49,7114.8,103869626.0,sz399001
43,2014-03-11,7103.3,7212.57,7258.69,7091.3,86119373.0,sz399001
44,2014-03-12,7187.88,7217.02,7291.55,7139.35,91739267.0,sz399001
45,2014-03-13,7226.83,7319.29,7335.1,7217.84,81020791.0,sz399001
46,2014-03-14,7287.34,7239.06,7317.45,7205.18,78777611.0,sz399001
47,2014-03-17,7266.95,7340.62,7342.34,7257.02,84343210.0,sz399001
48,2014-03-18,7347.04,7273.95,7357.06,7266.58,92682180.0,sz399001
49,2014-03-19,7246.06,7150.12,7246.06,7098.7,96803543.0,sz399001
50,2014-03-20,7135.41,6998.19,7187.31,6997.63,103991542.0,sz399001
51,2014-03-21,6973.09,7241.57,7261.27,6959.25,107735658.0,sz399001
52,2014-03-24,7237.25,7273.76,7308.15,7180.12,110548495.0,sz399001
53,2014-03-25,7247.11,7252.35,7318.75,7220.72,106738364.0,sz399001
54,2014-03-26,7270.02,7244.19,7292.56,7228.91,87588489.0,sz399001
55,2014-03-27,7230.63,7173.02,7276.87,7154.65,97877228.0,sz399001
56,2014-03-28,7165.47,7165.57,7234.45,7144.07,102468342.0,sz399001
57,2014-03-31,7219.21,7189.58,7279.57,7146.15,70597917.0,sz399001
58,2014-04-01,7184.07,7281.11,7302.74,7177.85,65624211.0,sz399001
59,2014-04-02,7291.73,7333.59,7358.36,7284.12,80688911.0,sz399001
60,2014-04-03,7355.21,7298.0,7396.85,7280.44,79712277.0,sz399001
61,2014-04-04,7281.33,7367.8,7367.8,7260.13,70480828.0,sz399001
62,2014-04-08,7334.18,7508.66,7526.47,7323.41,85947772.0,sz399001
63,2014-04-09,7510.31,7511.25,7556.04,7479.62,85696102.0,sz399001
64,2014-04-10,7534.02,7563.2,7607.48,7467.19,105826585.0,sz399001
65,2014-04-11,7543.71,7586.83,7611.15,7528.66,87928831.0,sz399001
66,2014-04-14,7588.61,7583.28,7618.57,7553.5,81293041.0,sz399001
67,2014-04-15,7568.17,7449.71,7568.17,7438.96,89383653.0,sz399001
68,2014-04-16,7430.61,7468.46,7511.0,7430.23,74844567.0,sz399001
69,2014-04-17,7484.15,7451.04,7512.27,7441.08,73036022.0,sz399001
70,2014-04-18,7425.83,7455.74,7475.72,7380.73,66048643.0,sz399001
71,2014-04-21,7412.34,7353.6,7493.41,7351.19,80108131.0,sz399001
72,2014-04-22,7355.63,7391.22,7392.88,7276.72,80645452.0,sz399001
73,2014-04-23,7388.26,7431.78,7470.15,7379.89,59926238.0,sz399001
74,2014-04-24,7426.28,7419.44,7472.04,7392.15,67609462.0,sz399001
75,2014-04-25,7423.9,7323.65,7459.01,7323.65,77749226.0,sz399001
76,2014-04-28,7324.87,7240.46,7353.33,7233.71,80397932.0,sz399001
77,2014-04-29,7234.65,7339.86,7353.02,7215.12,59585006.0,sz399001
78,2014-04-30,7320.79,7312.86,7335.47,7279.34,54814150.0,sz399001
79,2014-05-05,7289.24,7309.56,7334.39,7214.06,57686935.0,sz399001
80,2014-05-06,7282.92,7311.89,7381.22,7282.92,68629282.0,sz399001
81,2014-05-07,7292.0,7234.69,7292.0,7232.48,65651288.0,sz399001
82,2014-05-08,7185.19,7169.98,7306.79,7157.26,65016867.0,sz399001
83,2014-05-09,7175.24,7162.44,7182.42,7093.21,63878746.0,sz399001
84,2014-05-12,7208.04,7318.14,7334.47,7175.22,85713413.0,sz399001
85,2014-05-13,7321.65,7310.31,7362.87,7290.73,76173473.0,sz399001
86,2014-05-14,7320.36,7325.52,7369.17,7303.63,65076377.0,sz399001
87,2014-05-15,7309.88,7213.77,7309.88,7205.71,67032477.0,sz399001
88,2014-05-16,7203.82,7242.17,7261.35,7187.8,59077563.0,sz399001
89,2014-05-19,7210.85,7151.49,7210.85,7105.02,53682944.0,sz399001
90,2014-05-20,7180.32,7151.18,7220.33,7130.06,57575052.0,sz399001
91,2014-05-21,7121.36,7204.65,7205.23,7075.32,55766935.0,sz399001
92,2014-05-22,7201.71,7183.67,7295.04,7181.04,71653844.0,sz399001
93,2014-05-23,7188.56,7240.92,7246.95,7161.75,63942010.0,sz399001
94,2014-05-26,7289.63,7275.11,7306.61,7233.17,73944814.0,sz399001
95,2014-05-27,7265.24,7260.12,7305.96,7253.9,67742582.0,sz399001
96,2014-05-28,7263.31,7380.69,7381.47,7246.09,85252960.0,sz399001
97,2014-05-29,7395.58,7341.56,7432.35,7340.98,82323193.0,sz399001
98,2014-05-30,7344.83,7364.83,7393.38,7309.02,73734292.0,sz399001
99,2014-06-03,7365.61,7321.52,7399.46,7319.77,68510996.0,sz399001
100,2014-06-04,7314.97,7223.13,7314.97,7177.66,68408488.0,sz399001
101,2014-06-05,7215.95,7303.63,7306.76,7205.1,68165579.0,sz399001
102,2014-06-06,7272.23,7235.39,7283.65,7195.13,71814723.0,sz399001
103,2014-06-09,7217.54,7227.24,7301.34,7205.34,66452227.0,sz399001
104,2014-06-10,7229.97,7341.66,7345.54,7229.62,75936896.0,sz399001
105,2014-06-11,7323.04,7340.69,7354.49,7307.36,79827607.0,sz399001
106,2014-06-12,7313.83,7299.81,7318.75,7280.01,80325248.0,sz399001
107,2014-06-13,7293.5,7401.35,7429.96,7290.14,93244940.0,sz399001
108,2014-06-16,7397.05,7416.99,7433.54,7372.93,94370122.0,sz399001
109,2014-06-17,7400.08,7331.37,7400.08,7320.72,89698063.0,sz399001
110,2014-06-18,7329.94,7297.4,7351.97,7291.74,86884741.0,sz399001
111,2014-06-19,7301.38,7180.32,7324.64,7148.02,91007930.0,sz399001
112,2014-06-20,7181.15,7195.69,7207.63,7134.54,66935484.0,sz399001
113,2014-06-23,7205.89,7192.87,7253.98,7184.16,72862189.0,sz399001
114,2014-06-24,7200.65,7240.85,7243.32,7185.4,75769893.0,sz399001
115,2014-06-25,7238.82,7217.65,7238.82,7174.6,72400867.0,sz399001
116,2014-06-26,7219.17,7291.88,7306.73,7219.17,92217019.0,sz399001
117,2014-06-27,7291.18,7312.62,7344.79,7270.52,106766866.0,sz399001
118,2014-06-30,7312.68,7343.27,7362.43,7312.68,109710296.0,sz399001
119,2014-07-01,7340.59,7297.5,7350.87,7277.41,109959187.0,sz399001
120,2014-07-02,7298.02,7310.38,7319.35,7258.31,114336678.0,sz399001
121,2014-07-03,7300.25,7335.54,7362.39,7286.18,126292354.0,sz399001
122,2014-07-04,7346.69,7333.91,7363.16,7318.57,113193342.0,sz399001
123,2014-07-07,7336.63,7321.52,7373.23,7301.57,104898607.0,sz399001
124,2014-07-08,7319.29,7358.33,7358.33,7277.46,108438055.0,sz399001
125,2014-07-09,7341.17,7192.71,7342.32,7192.71,124350876.0,sz399001
126,2014-07-10,7193.22,7159.63,7218.1,7149.38,103971350.0,sz399001
127,2014-07-11,7158.58,7206.97,7232.71,7146.45,107210098.0,sz399001
128,2014-07-14,7206.13,7278.86,7279.15,7180.21,119370758.0,sz399001
129,2014-07-15,7278.96,7304.41,7314.18,7270.12,131501842.0,sz399001
130,2014-07-16,7289.19,7261.91,7324.68,7251.57,114622602.0,sz399001
131,2014-07-17,7251.15,7194.74,7251.15,7151.43,91261626.0,sz399001
132,2014-07-18,7166.65,7259.45,7312.83,7159.83,89766142.0,sz399001
133,2014-07-21,7264.54,7274.5,7301.15,7251.35,85968757.0,sz399001
134,2014-07-22,7261.37,7372.65,7384.87,7258.58,103512990.0,sz399001
135,2014-07-23,7362.74,7375.31,7412.84,7341.56,113741903.0,sz399001
136,2014-07-24,7384.92,7503.4,7510.42,7384.92,125181881.0,sz399001
137,2014-07-25,7528.34,7578.12,7578.12,7503.62,108237596.0,sz399001
138,2014-07-28,7630.35,7808.66,7826.79,7630.35,151160675.0,sz399001
139,2014-07-29,7828.35,7867.04,7895.73,7799.13,150267035.0,sz399001
140,2014-07-30,7867.93,7853.23,7920.97,7820.8,142446090.0,sz399001
141,2014-07-31,7845.8,7956.91,7957.46,7821.71,133467983.0,sz399001
142,2014-08-01,7919.78,7880.98,8021.15,7880.42,154312154.0,sz399001
143,2014-08-04,7896.97,8006.91,8006.91,7892.55,131422280.0,sz399001
144,2014-08-05,8007.47,8007.76,8032.28,7950.52,146172738.0,sz399001
145,2014-08-06,7962.56,7995.5,8022.54,7883.08,147601789.0,sz399001
146,2014-08-07,7990.0,7872.95,8027.51,7869.88,144047666.0,sz399001
147,2014-08-08,7890.88,7885.33,7929.12,7845.26,118578872.0,sz399001
148,2014-08-11,7902.24,8009.73,8017.13,7902.24,132970678.0,sz399001
149,2014-08-12,8000.92,7966.89,8000.92,7933.51,137554707.0,sz399001
150,2014-08-13,7967.91,7980.49,8029.73,7897.8,148232856.0,sz399001
151,2014-08-14,7977.33,7893.9,7998.91,7887.95,149416306.0,sz399001
152,2014-08-15,7901.19,7982.07,8012.14,7891.06,142844811.0,sz399001
153,2014-08-18,8018.18,8045.86,8058.55,7985.89,162024330.0,sz399001
154,2014-08-19,8064.62,8043.25,8073.22,7994.5,178273170.0,sz399001
155,2014-08-20,8029.51,8023.07,8060.51,8000.21,160510826.0,sz399001
156,2014-08-21,8021.15,8010.71,8024.65,7904.07,151235217.0,sz399001
157,2014-08-22,8003.53,8059.4,8074.42,7997.59,142616013.0,sz399001
158,2014-08-25,8054.88,7934.81,8056.21,7925.22,137693867.0,sz399001
159,2014-08-26,7915.33,7813.98,7946.39,7786.23,140140309.0,sz399001
160,2014-08-27,7809.52,7841.07,7881.25,7809.52,110774340.0,sz399001
161,2014-08-28,7840.39,7743.54,7854.28,7735.68,112169042.0,sz399001
162,2014-08-29,7758.36,7841.7,7841.7,7755.47,91220103.0,sz399001
163,2014-09-01,7852.91,7941.16,7944.15,7852.87,117718753.0,sz399001
164,2014-09-02,7958.85,8043.31,8046.71,7923.98,158896871.0,sz399001
165,2014-09-03,8051.09,8115.87,8136.56,8051.09,175733043.0,sz399001
166,2014-09-04,8141.39,8176.57,8180.42,8103.2,176282291.0,sz399001
167,2014-09-05,8202.66,8214.53,8237.42,8158.83,175447317.0,sz399001
168,2014-09-09,8220.96,8201.51,8225.1,8155.83,170562910.0,sz399001
169,2014-09-10,8164.4,8158.6,8172.12,8109.44,169949073.0,sz399001
170,2014-09-11,8153.52,8117.92,8251.06,8095.86,197852526.0,sz399001
171,2014-09-12,8104.42,8146.99,8147.2,8069.68,160469776.0,sz399001
172,2014-09-15,8124.73,8112.65,8125.23,8051.53,186382525.0,sz399001
173,2014-09-16,8130.22,7921.07,8143.91,7918.6,235875062.0,sz399001
174,2014-09-17,7951.42,7981.82,7986.49,7893.1,162448359.0,sz399001
175,2014-09-18,7964.47,8004.57,8020.36,7942.85,147021779.0,sz399001
176,2014-09-19,8006.06,8047.25,8060.74,7971.22,137593282.0,sz399001
177,2014-09-22,8036.87,7895.87,8036.87,7886.88,146482708.0,sz399001
178,2014-09-23,7906.47,7965.88,7974.82,7906.47,136735453.0,sz399001
179,2014-09-24,7944.32,8100.22,8103.3,7925.38,172218599.0,sz399001
180,2014-09-25,8137.33,8076.51,8167.03,8058.7,182223352.0,sz399001
181,2014-09-26,8050.64,8072.88,8078.07,8021.27,148906041.0,sz399001
182,2014-09-29,8084.27,8082.85,8107.15,8045.89,164990775.0,sz399001
183,2014-09-30,8095.27,8080.35,8100.29,8060.35,149565480.0,sz399001
184,2014-10-08,8134.37,8183.65,8183.65,8073.72,166247082.0,sz399001
185,2014-10-09,8199.68,8204.01,8234.92,8131.17,204877479.0,sz399001
186,2014-10-10,8186.33,8211.54,8260.23,8158.34,196135041.0,sz399001
187,2014-10-13,8179.49,8164.07,8193.36,8092.49,175778236.0,sz399001
188,2014-10-14,8150.86,8139.96,8200.35,8105.54,172805427.0,sz399001
189,2014-10-15,8141.14,8198.12,8209.9,8086.63,166565693.0,sz399001
190,2014-10-16,8156.79,8110.69,8227.14,8110.69,175054366.0,sz399001
191,2014-10-17,8116.81,8151.52,8182.83,8015.62,169446196.0,sz399001
192,2014-10-20,8175.68,8204.2,8219.8,8153.1,129324404.0,sz399001
193,2014-10-21,8197.17,8106.92,8206.89,8101.6,132644127.0,sz399001
194,2014-10-22,8114.89,8063.2,8162.83,8059.56,122521869.0,sz399001
195,2014-10-23,8044.71,7969.16,8077.78,7957.03,133249926.0,sz399001
196,2014-10-24,7982.31,7921.13,8003.79,7899.54,99722301.0,sz399001
197,2014-10-27,7881.01,7829.33,7881.01,7803.46,101785974.0,sz399001
198,2014-10-28,7846.87,7988.34,7988.34,7846.87,139378381.0,sz399001
199,2014-10-29,8010.41,8090.68,8109.64,7962.03,188403507.0,sz399001
200,2014-10-30,8088.98,8090.55,8105.72,8034.08,174056448.0,sz399001
201,2014-10-31,8109.55,8225.61,8230.59,8088.26,175178806.0,sz399001
202,2014-11-03,8245.03,8240.15,8285.16,8202.53,173760110.0,sz399001
203,2014-11-04,8231.5,8206.79,8236.17,8179.34,173491080.0,sz399001
204,2014-11-05,8221.95,8198.57,8248.56,8189.84,159290100.0,sz399001
205,2014-11-06,8206.55,8211.96,8223.3,8137.42,144818161.0,sz399001
206,2014-11-07,8226.31,8234.87,8348.88,8183.06,179328399.0,sz399001
207,2014-11-10,8299.42,8410.22,8410.95,8251.74,158531885.0,sz399001
208,2014-11-11,8443.25,8312.88,8491.12,8243.9,205237277.0,sz399001
209,2014-11-12,8287.57,8410.29,8410.42,8271.84,129080433.0,sz399001
210,2014-11-13,8416.67,8305.08,8416.81,8288.05,160941017.0,sz399001
211,2014-11-14,8263.97,8326.9,8343.91,8242.49,123815098.0,sz399001
212,2014-11-17,8358.13,8283.8,8389.39,8278.12,124168883.0,sz399001
213,2014-11-18,8264.4,8196.59,8295.98,8173.44,114787642.0,sz399001
214,2014-11-19,8206.78,8225.07,8265.58,8202.78,120855715.0,sz399001
215,2014-11-20,8210.82,8205.38,8236.32,8190.4,109492290.0,sz399001
216,2014-11-21,8209.98,8332.3,8335.59,8194.52,132594002.0,sz399001
217,2014-11-24,8498.06,8577.91,8645.39,8464.61,203876218.0,sz399001
218,2014-11-25,8600.31,8693.43,8694.59,8578.46,190573721.0,sz399001
219,2014-11-26,8712.29,8763.78,8774.78,8680.86,196322600.0,sz399001
220,2014-11-27,8798.41,8860.43,8860.43,8743.93,215359011.0,sz399001
221,2014-11-28,8837.47,9002.23,9010.17,8767.12,237889029.0,sz399001
222,2014-12-01,9029.64,9095.76,9180.64,9028.83,224163187.0,sz399001
223,2014-12-02,9058.32,9366.95,9433.64,9027.3,204649707.0,sz399001
224,2014-12-03,9448.37,9643.92,9777.76,9441.83,288938608.0,sz399001
225,2014-12-04,9679.59,10029.83,10040.72,9659.95,273711402.0,sz399001
226,2014-12-05,10164.37,10067.28,10319.87,9749.14,313024454.0,sz399001
227,2014-12-08,10047.12,10554.57,10587.62,9919.65,273927101.0,sz399001
228,2014-12-09,10496.63,10116.49,11050.85,10042.01,345795908.0,sz399001
229,2014-12-10,10154.53,10545.51,10567.45,10048.46,230777165.0,sz399001
230,2014-12-11,10443.66,10478.88,10725.77,10387.59,236360778.0,sz399001
231,2014-12-12,10451.61,10462.31,10622.88,10390.02,203654486.0,sz399001
232,2014-12-15,10477.45,10504.23,10531.66,10298.38,210900936.0,sz399001
233,2014-12-16,10486.69,10668.62,10668.62,10429.56,213597665.0,sz399001
234,2014-12-17,10728.74,10786.72,10788.97,10533.12,228903587.0,sz399001
235,2014-12-18,10744.27,10665.18,10812.15,10656.35,182287145.0,sz399001
236,2014-12-19,10646.66,10627.11,10684.6,10382.29,212010611.0,sz399001
237,2014-12-22,10607.58,10608.51,10742.37,10474.92,243468178.0,sz399001
238,2014-12-23,10549.98,10570.79,10794.19,10490.14,167942724.0,sz399001
239,2014-12-24,10614.12,10292.52,10627.08,10179.26,153939596.0,sz399001
240,2014-12-25,10350.94,10493.78,10514.64,10296.0,148765843.0,sz399001
241,2014-12-26,10505.71,10802.64,10816.83,10487.91,172211278.0,sz399001
242,2014-12-29,10918.96,10780.4,10965.29,10665.26,201874878.0,sz399001
243,2014-12-30,10756.58,10722.26,10866.36,10660.2,165694591.0,sz399001
244,2014-12-31,10723.09,11014.62,11037.61,10711.33,159177993.0,sz399001
245,2015-01-05,11150.98,11520.59,11587.28,11150.98,218356371.0,sz399001
246,2015-01-06,11424.92,11667.97,11749.14,11374.5,211610179.0,sz399001
247,2015-01-07,11612.73,11613.36,11714.78,11505.03,168363335.0,sz399001
248,2015-01-08,11624.59,11465.14,11656.71,11371.92,164446779.0,sz399001
249,2015-01-09,11424.53,11324.76,11738.25,11313.25,161630131.0,sz399001
250,2015-01-12,11279.73,11285.18,11376.09,11116.06,139674749.0,sz399001
251,2015-01-13,11250.88,11355.81,11418.45,11244.42,124074775.0,sz399001
252,2015-01-14,11366.95,11237.78,11429.31,11153.17,121866764.0,sz399001
253,2015-01-15,11240.84,11483.68,11483.75,11161.52,125831591.0,sz399001
254,2015-01-16,11496.76,11532.8,11583.73,11436.28,147255651.0,sz399001
255,2015-01-19,10939.04,10770.93,11204.49,10634.62,195380051.0,sz399001
256,2015-01-20,10761.28,10996.48,11026.05,10750.85,180890060.0,sz399001
257,2015-01-21,11051.95,11372.18,11395.1,11000.74,211736675.0,sz399001
258,2015-01-22,11358.44,11471.21,11499.44,11342.08,192754273.0,sz399001
259,2015-01-23,11507.44,11436.29,11554.52,11379.96,184716575.0,sz399001
260,2015-01-26,11564.22,11686.97,11711.89,11512.01,182670707.0,sz399001
261,2015-01-27,11670.24,11551.87,11705.91,11368.99,204002043.0,sz399001
262,2015-01-28,11484.99,11354.2,11530.09,11309.21,168074641.0,sz399001
263,2015-01-29,11187.3,11249.04,11319.47,11161.43,157201233.0,sz399001
264,2015-01-30,11290.45,11150.69,11354.09,11132.8,155497385.0,sz399001
265,2015-02-02,10952.14,10963.14,11140.97,10921.44,133739037.0,sz399001
266,2015-02-03,11077.48,11209.19,11216.68,10993.55,146276254.0,sz399001
267,2015-02-04,11241.98,11116.55,11364.38,11111.53,156536477.0,sz399001
268,2015-02-05,11367.14,11065.58,11386.73,11065.58,176346160.0,sz399001
269,2015-02-06,11022.49,10791.1,11054.94,10715.43,150814387.0,sz399001
270,2015-02-09,10792.0,10868.14,10975.85,10760.05,120543174.0,sz399001
271,2015-02-10,10887.68,11136.62,11136.62,10875.29,108338195.0,sz399001
272,2015-02-11,11174.31,11265.63,11318.46,11167.12,128216716.0,sz399001
273,2015-02-12,11268.59,11302.73,11348.32,11185.0,133836200.0,sz399001
274,2015-02-13,11362.0,11443.05,11564.68,11338.01,166967815.0,sz399001
275,2015-02-16,11474.88,11595.25,11606.01,11437.74,166436043.0,sz399001
276,2015-02-17,11658.05,11718.56,11772.15,11644.54,149360506.0,sz399001
277,2015-02-25,11755.18,11539.7,11755.18,11500.69,152713036.0,sz399001
278,2015-02-26,11526.51,11750.78,11752.01,11470.43,165245772.0,sz399001
279,2015-02-27,11736.29,11757.68,11819.42,11719.66,182015566.0,sz399001
280,2015-03-02,11869.96,11884.02,11955.82,11781.61,241960804.0,sz399001
281,2015-03-03,11800.99,11526.22,11800.99,11515.55,253464630.0,sz399001
282,2015-03-04,11530.93,11655.08,11688.28,11521.7,218303073.0,sz399001
283,2015-03-05,11597.49,11566.39,11628.15,11484.8,224195903.0,sz399001
284,2015-03-06,11600.66,11392.4,11626.11,11381.91,202058642.0,sz399001
285,2015-03-09,11280.02,11533.23,11547.83,11169.05,184948411.0,sz399001
286,2015-03-10,11501.98,11556.65,11649.25,11479.28,195230721.0,sz399001
287,2015-03-11,11554.66,11525.09,11682.54,11491.69,193400967.0,sz399001
288,2015-03-12,11593.69,11635.59,11645.56,11516.25,198461273.0,sz399001
289,2015-03-13,11680.47,11713.61,11751.2,11654.19,179148224.0,sz399001
290,2015-03-16,11791.42,12017.77,12021.82,11748.08,254026630.0,sz399001
291,2015-03-17,12083.44,12169.52,12190.28,12046.8,315381790.0,sz399001
292,2015-03-18,12206.72,12496.24,12505.34,12190.25,322145855.0,sz399001
293,2015-03-19,12549.55,12429.11,12552.71,12337.67,311638344.0,sz399001
294,2015-03-20,12427.41,12544.45,12659.83,12387.89,297874055.0,sz399001
295,2015-03-23,12644.19,12780.32,12813.83,12644.19,322820798.0,sz399001
296,2015-03-24,12841.14,12801.2,12841.45,12495.92,390785341.0,sz399001
297,2015-03-25,12776.0,12757.09,12841.9,12656.52,333240450.0,sz399001
298,2015-03-26,12703.35,12712.98,12856.21,12601.75,307857598.0,sz399001
299,2015-03-27,12779.327,12874.425,12930.242,12930.242,236975839.0,sz399001
300,2015-03-30,12917.14,13193.32,13242.31,12894.49,298051198.0,sz399001
301,2015-03-31,13420.92,13160.66,13538.29,13106.97,317728594.0,sz399001
302,2015-04-01,13187.42,13394.72,13454.81,13142.4,287875627.0,sz399001
303,2015-04-02,13486.89,13426.1,13537.38,13235.28,321767130.0,sz399001
304,2015-04-03,13336.87,13494.64,13502.47,13296.95,326233579.0,sz399001
305,2015-04-07,13626.62,13768.73,13769.76,13625.26,344476953.0,sz399001
306,2015-04-08,13814.98,13841.72,13846.55,13513.14,361429213.0,sz399001
307,2015-04-09,13898.49,13796.73,13914.01,13505.85,346150570.0,sz399001
308,2015-04-10,13718.92,14013.33,14034.31,13650.32,295307916.0,sz399001
309,2015-04-13,14100.35,14149.5,14175.36,13972.41,332808102.0,sz399001
310,2015-04-14,14132.61,14042.46,14221.51,13920.06,326909093.0,sz399001
311,2015-04-15,14023.4,13646.61,14023.4,13646.61,311574168.0,sz399001
312,2015-04-16,13549.87,13967.8,14024.68,13492.77,259650094.0,sz399001
313,2015-04-17,14120.77,14149.34,14249.47,14039.04,334301246.0,sz399001
314,2015-04-20,14132.83,13871.6,14288.33,13814.96,370369416.0,sz399001
315,2015-04-21,13882.44,14439.0,14439.0,13882.44,309272608.0,sz399001
316,2015-04-22,14529.24,14749.13,14756.15,14510.93,363904289.0,sz399001
317,2015-04-23,14842.21,14743.22,14893.01,14647.14,378663766.0,sz399001
318,2015-04-24,14615.54,14598.7,14771.29,14422.54,353165959.0,sz399001
319,2015-04-27,14749.02,14809.42,14910.31,14644.01,345252659.0,sz399001
320,2015-04-28,14946.95,14707.25,14979.81,14580.42,333952855.0,sz399001
321,2015-04-29,14669.22,14871.95,14907.96,14542.32,272506011.0,sz399001
322,2015-04-30,14909.06,14818.64,15009.73,14818.64,276318705.0,sz399001
323,2015-05-04,14846.48,14860.53,14958.79,14714.91,264061794.0,sz399001
324,2015-05-05,14831.91,14233.1,14831.91,14145.5,300637801.0,sz399001
325,2015-05-06,14347.55,14136.17,14569.64,14032.02,266597218.0,sz399001
326,2015-05-07,14080.36,14114.73,14226.08,14027.6,226513292.0,sz399001
327,2015-05-08,14271.46,14481.25,14481.44,14165.07,254235473.0,sz399001
328,2015-05-11,14572.82,14944.88,14946.65,14447.78,317394179.0,sz399001
329,2015-05-12,14975.23,15066.29,15088.96,14879.6,334000961.0,sz399001
330,2015-05-13,15075.02,15173.09,15245.81,14962.38,347022211.0,sz399001
331,2015-05-14,15210.75,15024.47,15299.79,15003.72,337960219.0,sz399001
332,2015-05-15,14955.41,14694.95,14955.41,14590.76,311171360.0,sz399001
333,2015-05-18,14612.88,14672.63,14759.09,14564.73,295493125.0,sz399001
334,2015-05-19,14723.21,15127.38,15173.92,14704.33,318039850.0,sz399001
335,2015-05-20,15206.56,15337.08,15618.13,15206.56,379613287.0,sz399001
336,2015-05-21,15402.95,15872.53,15872.59,15402.95,355766470.0,sz399001
337,2015-05-22,16084.04,16045.8,16191.15,15731.01,436129070.0,sz399001
338,2015-05-25,15894.14,16351.06,16368.91,15810.15,421405387.0,sz399001
339,2015-05-26,16456.23,16903.47,16904.15,16397.5,446921466.0,sz399001
340,2015-05-27,16988.9,16963.52,17061.92,16610.78,444795218.0,sz399001
341,2015-05-28,16953.6,15912.95,17153.8,15909.1,522049636.0,sz399001
342,2015-05-29,15920.33,16100.45,16386.05,15299.65,412437255.0,sz399001
343,2015-06-01,16247.39,16917.53,16921.07,16245.55,364798783.0,sz399001
344,2015-06-02,17051.22,17485.58,17485.58,16963.74,396498446.0,sz399001
345,2015-06-03,17626.92,17538.5,17696.48,17098.43,407201738.0,sz399001
346,2015-06-04,17579.36,17501.05,17608.72,16426.31,401600049.0,sz399001
347,2015-06-05,17727.86,17649.09,17901.86,17302.55,444202411.0,sz399001
348,2015-06-08,17648.72,17452.31,17648.72,17145.7,420823903.0,sz399001
349,2015-06-09,17410.64,17399.0,17609.28,17184.32,347168452.0,sz399001
350,2015-06-10,17297.04,17677.57,17852.36,17165.89,358761346.0,sz399001
351,2015-06-11,17692.9,17889.69,17889.91,17606.43,351087908.0,sz399001
352,2015-06-12,17978.05,18098.27,18198.07,17921.91,385071961.0,sz399001
353,2015-06-15,18182.64,17702.55,18211.76,17668.67,406178348.0,sz399001
354,2015-06-16,17502.37,17075.93,17502.37,16911.91,353020384.0,sz399001
355,2015-06-17,17073.08,17405.57,17474.08,16564.37,312419167.0,sz399001
356,2015-06-18,17367.13,16734.84,17442.77,16709.6,289059707.0,sz399001
357,2015-06-19,16386.98,15725.47,16578.88,15700.49,289646424.0,sz399001
358,2015-06-23,15720.32,16045.99,16047.32,14938.82,292927731.0,sz399001
359,2015-06-24,16178.55,16312.31,16345.75,15867.91,332173442.0,sz399001
360,2015-06-25,16370.0,15692.44,16399.34,15499.22,331715691.0,sz399001
361,2015-06-26,15196.56,14398.79,15229.0,14321.05,294665860.0,sz399001
362,2015-06-29,14703.97,13566.27,14712.16,13250.35,358946932.0,sz399001
363,2015-06-30,13274.64,14337.96,14352.05,12723.16,399540089.0,sz399001
364,2015-07-01,14185.1,13650.82,14696.98,13578.38,348742096.0,sz399001
365,2015-07-02,13655.73,12924.19,13732.49,12727.23,320735082.0,sz399001
366,2015-07-03,12475.61,12246.06,13154.13,11953.08,315536177.0,sz399001
367,2015-07-06,13140.14,12075.77,13140.14,11584.47,396337977.0,sz399001
368,2015-07-07,11660.56,11375.6,11767.66,11282.62,227324024.0,sz399001
369,2015-07-08,10870.14,11040.89,11112.62,10850.38,307328584.0,sz399001
370,2015-07-09,10953.33,11510.34,11513.36,10933.0,207454532.0,sz399001
371,2015-07-10,11733.45,12038.14,12062.9,11696.77,158915229.0,sz399001
372,2015-07-13,12367.62,12614.16,12658.07,12261.25,233849125.0,sz399001
373,2015-07-14,12796.49,12728.51,13091.93,12635.2,285635144.0,sz399001
374,2015-07-15,12783.08,12132.42,12792.31,12093.9,345295414.0,sz399001
375,2015-07-16,11963.35,12357.61,12600.65,11637.47,324294156.0,sz399001
376,2015-07-17,12460.51,13004.96,13097.45,12435.59,307007633.0,sz399001
377,2015-07-20,13115.48,13202.39,13427.86,12942.95,358165176.0,sz399001
378,2015-07-21,13038.15,13315.56,13436.91,12928.13,312415716.0,sz399001
379,2015-07-22,13307.93,13416.54,13482.04,13098.8,334908918.0,sz399001
380,2015-07-23,13432.61,13754.53,13792.37,13356.05,367043495.0,sz399001
381,2015-07-24,13789.31,13518.51,13970.84,13424.18,400855945.0,sz399001
382,2015-07-27,13242.69,12493.05,13579.64,12488.37,364439025.0,sz399001
383,2015-07-28,11986.25,12316.78,12676.27,11719.0,374311038.0,sz399001
384,2015-07-29,12472.28,12823.07,12823.15,12078.32,296488758.0,sz399001
385,2015-07-30,12766.34,12395.92,12988.55,12382.3,299458538.0,sz399001
386,2015-07-31,12228.41,12374.25,12580.96,12213.46,235191524.0,sz399001
387,2015-08-03,12178.57,12161.58,12305.61,11909.0,243737069.0,sz399001
388,2015-08-04,12163.12,12711.56,12711.56,12105.94,261600708.0,sz399001
389,2015-08-05,12694.57,12524.69,12842.31,12447.04,271150796.0,sz399001
390,2015-08-06,12274.72,12421.85,12595.12,12231.89,202229163.0,sz399001
391,2015-08-07,12543.66,12753.05,12769.13,12522.47,251888055.0,sz399001
392,2015-08-10,12877.31,13302.96,13373.3,12821.89,323080729.0,sz399001
393,2015-08-11,13316.89,13323.08,13508.3,13240.09,351829896.0,sz399001
394,2015-08-12,13201.54,13117.1,13396.33,13117.1,285113797.0,sz399001
395,2015-08-13,13069.98,13395.18,13395.18,12962.0,287062466.0,sz399001
396,2015-08-14,13497.16,13445.87,13606.33,13378.59,326795175.0,sz399001
397,2015-08-17,13417.33,13573.9,13585.96,13309.54,326809217.0,sz399001
398,2015-08-18,13608.52,12683.86,13652.54,12634.95,389034910.0,sz399001
399,2015-08-19,12328.6,12960.66,13028.5,12049.92,331748528.0,sz399001
400,2015-08-20,12864.83,12584.58,13040.36,12582.24,283755729.0,sz399001
401,2015-08-21,12355.27,11902.05,12511.42,11891.84,260160790.0,sz399001
402,2015-08-24,11399.66,10970.29,11446.1,10964.09,193829365.0,sz399001
403,2015-08-25,10212.47,10197.94,10529.92,10168.42,218746759.0,sz399001
404,2015-08-26,10199.9,9899.72,10559.24,9776.21,326727168.0,sz399001
405,2015-08-27,10076.09,10254.35,10254.35,9713.99,271961859.0,sz399001
406,2015-08-28,10397.97,10800.0,10826.19,10311.37,315988588.0,sz399001
407,2015-08-31,10706.23,10549.16,10706.23,10398.33,266702560.0,sz399001
408,2015-09-01,10388.5,10162.52,10388.5,9954.58,246291453.0,sz399001
409,2015-09-02,9694.48,10054.8,10319.49,9682.71,259173723.0,sz399001
410,2015-09-07,10121.83,9991.76,10404.22,9933.54,228540561.0,sz399001
411,2015-09-08,9898.63,10320.23,10341.3,9763.95,200427441.0,sz399001
412,2015-09-09,10367.35,10620.13,10702.18,10335.02,311925932.0,sz399001
413,2015-09-10,10449.93,10424.65,10618.87,10406.02,225314180.0,sz399001
414,2015-09-11,10408.41,10463.69,10555.62,10332.41,190465092.0,sz399001
415,2015-09-14,10517.68,9778.23,10544.28,9739.42,240882715.0,sz399001
416,2015-09-15,9533.45,9290.81,9719.66,9259.65,198214440.0,sz399001
417,2015-09-16,9330.75,9890.43,9933.83,9297.2,234801012.0,sz399001
418,2015-09-17,9872.04,9739.89,10147.17,9739.89,273715615.0,sz399001
419,2015-09-18,9806.72,9850.77,9914.58,9691.06,187680991.0,sz399001
420,2015-09-21,9732.12,10176.73,10176.73,9701.33,227167861.0,sz399001
421,2015-09-22,10200.55,10238.69,10357.42,10121.74,263897884.0,sz399001
422,2015-09-23,10071.33,10132.29,10250.45,10040.95,231844020.0,sz399001
423,2015-09-24,10178.1,10238.04,10288.18,10124.13,221491609.0,sz399001
424,2015-09-25,10184.88,9904.76,10249.24,9835.84,226740120.0,sz399001
425,2015-09-28,9919.56,10115.55,10124.31,9796.93,164021031.0,sz399001
426,2015-09-29,9962.58,9949.92,10070.25,9873.78,174480893.0,sz399001
427,2015-09-30,10004.79,9988.25,10048.86,9890.71,149803844.0,sz399001
428,2015-10-08,10332.24,10394.73,10477.21,10265.0,230687958.0,sz399001
429,2015-10-09,10386.81,10540.19,10589.52,10363.98,241885578.0,sz399001
430,2015-10-12,10599.88,10961.36,11069.68,10593.54,341342676.0,sz399001
431,2015-10-13,10885.11,11042.13,11073.0,10850.72,295156225.0,sz399001
432,2015-10-14,10997.08,10901.48,11095.34,10880.11,296102786.0,sz399001
433,2015-10-15,10862.11,11229.38,11229.38,10862.11,308490268.0,sz399001
434,2015-10-16,11301.93,11374.83,11384.24,11172.04,357297284.0,sz399001
435,2015-10-19,11426.52,11391.01,11498.24,11245.01,354363159.0,sz399001
436,2015-10-20,11372.18,11597.08,11597.16,11335.78,328949420.0,sz399001
437,2015-10-21,11592.2,10915.99,11641.89,10872.57,421745957.0,sz399001
438,2015-10-22,10921.18,11305.1,11320.01,10910.88,326831309.0,sz399001
439,2015-10-23,11397.2,11603.46,11653.09,11345.53,378978830.0,sz399001
440,2015-10-26,11765.65,11687.77,11789.02,11534.83,391547485.0,sz399001
441,2015-10-27,11588.94,11758.41,11820.72,11229.1,366332020.0,sz399001
442,2015-10-28,11689.29,11494.35,11834.07,11446.43,341529331.0,sz399001
443,2015-10-29,11565.71,11566.66,11694.78,11406.1,281809603.0,sz399001
444,2015-10-30,11542.01,11546.05,11711.04,11369.39,296335950.0,sz399001
445,2015-11-02,11306.2,11304.88,11637.99,11266.04,274690912.0,sz399001
446,2015-11-03,11341.3,11288.14,11416.84,11200.6,224051317.0,sz399001
447,2015-11-04,11351.25,11884.9,11884.9,11351.25,339438198.0,sz399001
448,2015-11-05,11908.69,11939.81,12091.53,11853.46,429137162.0,sz399001
449,2015-11-06,11952.51,12273.35,12292.42,11952.51,377370580.0,sz399001
450,2015-11-09,12227.41,12453.24,12538.35,12145.06,422232445.0,sz399001
451,2015-11-10,12390.53,12500.53,12597.16,12349.03,400913319.0,sz399001
452,2015-11-11,12509.53,12677.54,12687.2,12445.29,382124837.0,sz399001
453,2015-11-12,12735.5,12635.39,12758.67,12483.34,403545111.0,sz399001
454,2015-11-13,12492.94,12402.04,12574.96,12272.38,362993475.0,sz399001
455,2015-11-16,12180.99,12620.38,12620.38,12171.66,292408242.0,sz399001
456,2015-11-17,12744.79,12511.54,12827.2,12478.97,403496948.0,sz399001
457,2015-11-18,12516.14,12283.76,12580.91,12257.04,306149511.0,sz399001
458,2015-11-19,12326.16,12609.84,12609.84,12309.79,294467430.0,sz399001
459,2015-11-20,12650.25,12702.03,12766.26,12565.8,364726731.0,sz399001
460,2015-11-23,12699.15,12586.69,12806.32,12539.98,362385503.0,sz399001
461,2015-11-24,12580.72,12694.86,12694.86,12438.92,283930675.0,sz399001
462,2015-11-25,12696.13,12893.23,12904.79,12666.19,325415891.0,sz399001
463,2015-11-26,12952.0,12767.5,12970.47,12747.89,349661625.0,sz399001
464,2015-11-27,12697.51,11961.7,12733.45,11880.32,371475176.0,sz399001
465,2015-11-30,11991.7,12037.86,12121.22,11455.5,325215288.0,sz399001
466,2015-12-01,12022.83,12081.17,12206.17,11938.63,270222227.0,sz399001
467,2015-12-02,12068.98,12186.27,12188.01,11830.99,263999913.0,sz399001
468,2015-12-03,12205.44,12447.38,12447.38,12205.44,249532940.0,sz399001
469,2015-12-04,12384.5,12329.18,12474.46,12268.49,268070340.0,sz399001
470,2015-12-07,12351.41,12443.05,12467.85,12262.13,247670389.0,sz399001
471,2015-12-08,12371.11,12164.97,12371.11,12151.15,261043071.0,sz399001
472,2015-12-09,12112.2,12179.83,12257.58,12091.76,232964394.0,sz399001
473,2015-12-10,12180.77,12181.03,12318.04,12158.65,228638942.0,sz399001
474,2015-12-11,12120.59,12134.02,12228.29,12051.44,204665890.0,sz399001
475,2015-12-14,12023.81,12400.59,12400.59,12004.49,214942210.0,sz399001
476,2015-12-15,12412.46,12495.25,12553.79,12412.46,228293822.0,sz399001
477,2015-12-16,12533.11,12511.03,12595.12,12471.09,235451304.0,sz399001
478,2015-12-17,12602.67,12825.48,12825.48,12602.67,328537680.0,sz399001
479,2015-12-18,12825.02,12830.25,12904.08,12763.43,305752699.0,sz399001
480,2015-12-21,12824.43,13028.31,13047.12,12816.71,298490677.0,sz399001
481,2015-12-22,13064.69,13139.12,13139.12,12980.38,288396557.0,sz399001
482,2015-12-23,13142.53,13007.87,13187.05,12974.63,312253260.0,sz399001
483,2015-12-24,12977.25,12932.37,13003.78,12770.36,232550081.0,sz399001
484,2015-12-25,12960.25,12980.57,13012.74,12898.47,214331268.0,sz399001
485,2015-12-28,13025.66,12686.34,13064.5,12686.34,279782357.0,sz399001
486,2015-12-29,12676.61,12806.16,12806.16,12598.11,215009940.0,sz399001
487,2015-12-30,12826.48,12889.83,12899.94,12768.17,231731893.0,sz399001
488,2015-12-31,12893.12,12664.89,12921.71,12664.53,222261748.0,sz399001
489,2016-01-04,12650.72,11630.93,12659.41,11626.48,204855281.0,sz399001
490,2016-01-05,11116.9,11468.06,11687.48,11063.64,294290847.0,sz399001
491,2016-01-06,11520.77,11724.88,11730.48,11413.98,253497236.0,sz399001
492,2016-01-07,11504.9,10760.27,11504.9,10745.47,71661949.0,sz399001
493,2016-01-08,11008.89,10888.91,11121.78,10376.29,285149359.0,sz399001
494,2016-01-11,10656.87,10212.46,10809.57,10212.46,261299240.0,sz399001
495,2016-01-12,10243.57,10293.7,10414.94,10065.09,217637344.0,sz399001
496,2016-01-13,10347.08,9978.82,10435.24,9978.82,208940529.0,sz399001
497,2016-01-14,9678.22,10344.94,10357.95,9668.9,228512680.0,sz399001
498,2016-01-15,10268.95,9997.92,10363.82,9940.89,221160169.0,sz399001
499,2016-01-18,9807.25,10155.96,10273.59,9807.25,193371608.0,sz399001
500,2016-01-19,10137.38,10501.79,10519.67,10105.55,231434581.0,sz399001
501,2016-01-20,10434.36,10366.85,10554.04,10297.82,229661636.0,sz399001
502,2016-01-21,10207.42,9975.97,10475.51,9975.97,210049960.0,sz399001
503,2016-01-22,10095.42,10111.57,10171.92,9837.74,178117791.0,sz399001
504,2016-01-25,10194.75,10192.53,10291.5,10103.65,165141228.0,sz399001
505,2016-01-26,10079.22,9483.55,10104.47,9463.31,213988374.0,sz399001
506,2016-01-27,9525.61,9422.43,9556.83,8986.52,221352705.0,sz399001
507,2016-01-28,9309.87,9082.59,9430.56,9045.5,168852758.0,sz399001
508,2016-01-29,9077.11,9418.2,9491.06,9056.04,180895269.0,sz399001
509,2016-02-01,9389.62,9322.01,9457.43,9196.15,153653484.0,sz399001
510,2016-02-02,9332.69,9610.93,9646.95,9332.69,167598237.0,sz399001
511,2016-02-03,9509.5,9638.87,9679.54,9453.16,158729875.0,sz399001
512,2016-02-04,9667.91,9793.07,9844.02,9667.91,179719335.0,sz399001
513,2016-02-05,9802.25,9673.48,9830.08,9670.02,147328675.0,sz399001
514,2016-02-15,9385.52,9668.84,9725.18,9385.52,137361527.0,sz399001
515,2016-02-16,9727.76,10045.37,10071.02,9727.76,200401244.0,sz399001
516,2016-02-17,10043.69,10161.77,10178.55,9982.17,230764905.0,sz399001
517,2016-02-18,10231.26,10116.4,10273.63,10099.1,237235768.0,sz399001
518,2016-02-19,10091.67,10162.32,10225.99,10066.04,190410945.0,sz399001
519,2016-02-22,10290.05,10370.99,10371.14,10239.58,235950816.0,sz399001
520,2016-02-23,10374.36,10299.67,10397.52,10171.67,227973806.0,sz399001
521,2016-02-24,10256.39,10307.63,10355.32,10100.5,222308175.0,sz399001
522,2016-02-25,10290.96,9551.08,10290.96,9510.1,270406679.0,sz399001
523,2016-02-26,9625.37,9573.7,9676.24,9392.67,208500408.0,sz399001
524,2016-02-29,9528.72,9097.36,9528.72,9000.89,208654406.0,sz399001
525,2016-03-01,9116.56,9322.0,9384.31,9011.51,210109005.0,sz399001
526,2016-03-02,9308.49,9766.37,9781.91,9308.49,269773490.0,sz399001
527,2016-03-03,9770.74,9762.01,9946.93,9749.0,288666936.0,sz399001
528,2016-03-04,9721.22,9536.71,9797.56,9447.11,260496578.0,sz399001
529,2016-03-07,9642.25,9703.83,9805.37,9614.69,198685981.0,sz399001
530,2016-03-08,9690.57,9732.73,9732.73,9348.76,230994060.0,sz399001
531,2016-03-09,9525.25,9523.14,9672.49,9466.49,180320840.0,sz399001
532,2016-03-10,9526.19,9390.35,9600.23,9382.16,151024903.0,sz399001
533,2016-03-11,9286.53,9363.41,9430.95,9254.24,127013351.0,sz399001
534,2016-03-14,9466.42,9665.13,9763.37,9466.42,206576985.0,sz399001
535,2016-03-15,9636.63,9574.19,9677.48,9536.27,171548456.0,sz399001
536,2016-03-16,9629.82,9469.03,9661.93,9418.55,158569567.0,sz399001
537,2016-03-17,9515.63,9791.85,9820.99,9511.71,232923912.0,sz399001
538,2016-03-18,9841.04,10126.59,10170.69,9833.11,318038488.0,sz399001
539,2016-03-21,10255.9,10394.14,10394.14,10234.65,338114653.0,sz399001
540,2016-03-22,10308.91,10344.08,10435.13,10254.69,279156473.0,sz399001
541,2016-03-23,10317.93,10442.38,10442.38,10277.25,247866735.0,sz399001
542,2016-03-24,10346.56,10283.68,10473.22,10263.56,270355878.0,sz399001
543,2016-03-25,10256.41,10339.68,10371.52,10223.16,209957241.0,sz399001
544,2016-03-28,10399.17,10276.84,10494.2,10248.27,239851383.0,sz399001
545,2016-03-29,10259.71,10094.71,10279.0,10024.06,207050074.0,sz399001
546,2016-03-30,10187.64,10445.69,10445.69,10187.64,230625507.0,sz399001
547,2016-03-31,10494.52,10455.37,10552.58,10426.45,250739233.0,sz399001
548,2016-04-01,10410.68,10379.65,10442.3,10224.37,215708421.0,sz399001
549,2016-04-05,10393.65,10640.27,10656.15,10373.54,262935835.0,sz399001
550,2016-04-06,10604.23,10683.86,10696.03,10570.14,261054408.0,sz399001
551,2016-04-07,10719.27,10504.88,10743.23,10504.88,266086471.0,sz399001
552,2016-04-08,10425.01,10413.54,10457.01,10288.8,222155688.0,sz399001
553,2016-04-11,10513.87,10609.59,10667.04,10513.87,245676237.0,sz399001
554,2016-04-12,10600.79,10533.41,10624.59,10430.31,217142978.0,sz399001
555,2016-04-13,10599.21,10684.92,10810.41,10599.21,310650978.0,sz399001
556,2016-04-14,10741.65,10771.61,10771.96,10651.92,240663855.0,sz399001
557,2016-04-15,10774.49,10733.63,10784.6,10680.74,218468768.0,sz399001
558,2016-04-18,10665.44,10568.93,10665.44,10508.98,208783393.0,sz399001
559,2016-04-19,10618.83,10602.46,10649.25,10531.54,188697189.0,sz399001
560,2016-04-20,10632.07,10164.74,10647.09,10011.57,304527921.0,sz399001
561,2016-04-21,10120.11,10058.8,10242.36,10049.35,213752856.0,sz399001
562,2016-04-22,9995.12,10151.76,10151.76,9976.04,170672532.0,sz399001
563,2016-04-25,10122.13,10106.79,10137.75,9986.39,154085290.0,sz399001
564,2016-04-26,10095.96,10209.9,10209.9,10076.74,151350986.0,sz399001
565,2016-04-27,10221.83,10174.16,10279.09,10159.5,169442964.0,sz399001
566,2016-04-28,10178.24,10149.91,10198.95,9990.67,169807425.0,sz399001
567,2016-04-29,10111.61,10141.54,10196.92,10100.18,140358941.0,sz399001
568,2016-05-03,10144.15,10441.92,10441.92,10105.8,203638722.0,sz399001
569,2016-05-04,10401.67,10422.8,10498.32,10389.77,205626889.0,sz399001
570,2016-05-05,10403.55,10474.01,10480.22,10372.22,180871153.0,sz399001
571,2016-05-06,10473.3,10100.54,10501.43,10100.54,259249729.0,sz399001
572,2016-05-09,10018.51,9790.48,10018.51,9747.87,201947423.0,sz399001
573,2016-05-10,9770.3,9793.21,9836.98,9738.52,136891204.0,sz399001
574,2016-05-11,9848.32,9781.15,9904.53,9743.08,154095615.0,sz399001
575,2016-05-12,9664.28,9796.58,9801.2,9544.12,156009502.0,sz399001
576,2016-05-13,9769.13,9759.27,9880.69,9710.17,142455929.0,sz399001
577,2016-05-16,9729.79,9910.08,9910.08,9690.33,149063783.0,sz399001
578,2016-05-17,9918.43,9908.79,10007.38,9839.86,177572077.0,sz399001
579,2016-05-18,9835.58,9694.78,9835.58,9591.18,177671442.0,sz399001
580,2016-05-19,9684.12,9733.74,9847.21,9684.12,156519127.0,sz399001
581,2016-05-20,9657.75,9816.75,9816.75,9628.98,149982321.0,sz399001
582,2016-05-23,9839.78,9918.16,9937.83,9839.76,168995988.0,sz399001
583,2016-05-24,9903.17,9821.7,9903.17,9765.65,155743075.0,sz399001
584,2016-05-25,9883.94,9784.6,9930.81,9756.52,151806991.0,sz399001
585,2016-05-26,9766.08,9826.14,9826.14,9605.45,166070295.0,sz399001
586,2016-05-27,9798.34,9813.63,9878.74,9775.22,159719982.0,sz399001
587,2016-05-30,9756.87,9768.84,9847.7,9681.24,138615551.0,sz399001
588,2016-05-31,9786.0,10159.93,10159.93,9786.0,255837041.0,sz399001
589,2016-06-01,10184.23,10209.14,10284.36,10177.21,265378467.0,sz399001
590,2016-06-02,10192.51,10274.03,10274.03,10181.18,231725611.0,sz399001
591,2016-06-03,10275.94,10344.91,10412.95,10258.02,251444675.0,sz399001
592,2016-06-06,10383.45,10363.08,10403.8,10296.18,208363866.0,sz399001
593,2016-06-07,10365.81,10347.84,10371.87,10297.42,199520844.0,sz399001
594,2016-06-08,10330.18,10316.82,10372.98,10232.13,208133522.0,sz399001
595,2016-06-13,10190.78,9862.58,10256.62,9862.58,233249786.0,sz399001
596,2016-06-14,9830.55,9895.15,9927.59,9795.94,169160286.0,sz399001
597,2016-06-15,9790.88,10173.85,10215.61,9779.11,229617522.0,sz399001
598,2016-06-16,10154.18,10115.12,10199.52,10090.23,234661826.0,sz399001
599,2016-06-17,10135.38,10182.53,10261.96,10113.95,226520285.0,sz399001
600,2016-06-20,10183.77,10221.85,10241.91,10101.63,199578495.0,sz399001
601,2016-06-21,10285.04,10131.86,10357.18,10093.15,234898490.0,sz399001
602,2016-06-22,10108.96,10297.98,10297.98,10104.88,197126765.0,sz399001
603,2016-06-23,10288.47,10255.27,10312.61,10183.01,217227974.0,sz399001
604,2016-06-24,10235.04,10147.7,10315.35,9901.9,270946439.0,sz399001
605,2016-06-27,10090.05,10377.57,10377.57,10090.05,234958792.0,sz399001
606,2016-06-28,10330.12,10463.45,10475.76,10309.23,268308772.0,sz399001
607,2016-06-29,10499.91,10460.97,10527.69,10434.24,249559901.0,sz399001
608,2016-06-30,10474.93,10489.99,10509.99,10435.53,223147002.0,sz399001
609,2016-07-01,10506.22,10458.43,10555.95,10436.6,204800603.0,sz399001
610,2016-07-04,10369.69,10609.86,10631.57,10362.85,254107837.0,sz399001
611,2016-07-05,10598.42,10602.77,10626.02,10546.7,263764213.0,sz399001
612,2016-07-06,10567.67,10641.65,10641.65,10538.1,249830742.0,sz399001
613,2016-07-07,10612.23,10620.58,10662.7,10526.81,280981989.0,sz399001
614,2016-07-08,10613.71,10611.8,10672.92,10560.31,226836468.0,sz399001
615,2016-07-11,10633.62,10594.82,10734.34,10587.96,262658134.0,sz399001
616,2016-07-12,10583.17,10757.84,10757.84,10487.55,283692404.0,sz399001
617,2016-07-13,10794.5,10853.55,10890.02,10772.83,285320795.0,sz399001
618,2016-07-14,10834.9,10854.13,10866.44,10786.49,235098210.0,sz399001
619,2016-07-15,10854.5,10823.21,10869.07,10774.54,225067263.0,sz399001
620,2016-07-18,10793.17,10762.0,10835.3,10708.74,218879292.0,sz399001
621,2016-07-19,10753.87,10778.25,10783.22,10661.39,200363644.0,sz399001
622,2016-07-20,10775.56,10759.86,10818.95,10740.59,201056494.0,sz399001
623,2016-07-21,10758.33,10787.21,10872.34,10746.88,215917939.0,sz399001
624,2016-07-22,10782.24,10709.07,10801.47,10700.11,209978877.0,sz399001
625,2016-07-25,10684.55,10718.36,10778.73,10668.64,193466392.0,sz399001
626,2016-07-26,10714.75,10852.21,10852.21,10713.7,189431004.0,sz399001
627,2016-07-27,10858.7,10405.85,10873.26,10289.96,319061880.0,sz399001
628,2016-07-28,10386.83,10396.3,10481.69,10262.3,218537287.0,sz399001
629,2016-07-29,10384.4,10329.43,10411.13,10294.5,168147010.0,sz399001
630,2016-08-01,10289.88,10185.48,10290.05,10086.64,171711755.0,sz399001
631,2016-08-02,10173.34,10250.54,10250.54,10157.85,128236281.0,sz399001
632,2016-08-03,10229.47,10281.25,10295.76,10205.98,150021879.0,sz399001
633,2016-08-04,10272.71,10366.5,10376.21,10235.7,166288110.0,sz399001
634,2016-08-05,10368.8,10342.28,10420.42,10333.32,159042497.0,sz399001
635,2016-08-08,10315.0,10468.88,10468.88,10259.3,168014421.0,sz399001
636,2016-08-09,10466.04,10564.78,10564.78,10457.82,184955211.0,sz399001
637,2016-08-10,10558.49,10511.16,10594.77,10510.91,187720194.0,sz399001
638,2016-08-11,10496.43,10390.96,10526.35,10390.96,180178480.0,sz399001
639,2016-08-12,10373.05,10528.1,10528.1,10364.47,169956756.0,sz399001
640,2016-08-15,10556.4,10822.11,10862.96,10552.95,285306872.0,sz399001
641,2016-08-16,10845.62,10882.95,10913.22,10845.07,261239933.0,sz399001
642,2016-08-17,10879.99,10890.69,10936.58,10832.78,239624650.0,sz399001
643,2016-08-18,10873.65,10879.2,10946.74,10834.01,254258444.0,sz399001
644,2016-08-19,10865.38,10872.71,10911.77,10819.8,215165098.0,sz399001
645,2016-08-22,10869.06,10731.4,10894.84,10731.2,214013050.0,sz399001
646,2016-08-23,10720.5,10750.29,10793.37,10680.1,189050806.0,sz399001
647,2016-08-24,10751.35,10760.44,10815.26,10732.92,183005005.0,sz399001
648,2016-08-25,10694.34,10679.15,10699.25,10564.36,200663095.0,sz399001
649,2016-08-26,10703.32,10693.75,10785.0,10675.6,187552255.0,sz399001
650,2016-08-29,10690.95,10724.4,10757.26,10682.26,167850183.0,sz399001
651,2016-08-30,10732.77,10729.12,10787.32,10713.75,165372533.0,sz399001
652,2016-08-31,10730.55,10757.88,10776.32,10679.65,173134785.0,sz399001
653,2016-09-01,10759.75,10669.51,10765.51,10669.51,179543238.0,sz399001
654,2016-09-02,10666.1,10640.42,10727.88,10592.08,164618268.0,sz399001
655,2016-09-05,10682.71,10695.45,10756.43,10674.96,163252496.0,sz399001
656,2016-09-06,10714.54,10861.5,10861.5,10623.99,216823933.0,sz399001
657,2016-09-07,10860.12,10838.71,10903.64,10827.25,232756176.0,sz399001
658,2016-09-08,10830.05,10851.19,10863.96,10795.87,183177097.0,sz399001
659,2016-09-09,10855.29,10762.79,10877.09,10762.79,195540111.0,sz399001
660,2016-09-12,10578.78,10461.58,10619.89,10460.51,219043242.0,sz399001
661,2016-09-13,10519.02,10514.58,10545.2,10460.13,163278434.0,sz399001
662,2016-09-14,10466.83,10454.24,10519.96,10425.69,152682919.0,sz399001
663,2016-09-19,10476.63,10557.25,10570.58,10476.63,142375087.0,sz399001
664,2016-09-20,10563.04,10544.53,10563.73,10520.08,146374595.0,sz399001
665,2016-09-21,10543.38,10583.4,10600.68,10538.94,144124352.0,sz399001
666,2016-09-22,10644.71,10662.21,10697.39,10634.46,171457113.0,sz399001
667,2016-09-23,10670.59,10609.7,10679.82,10607.86,165681597.0,sz399001
668,2016-09-26,10588.35,10392.7,10588.51,10392.7,179917734.0,sz399001
669,2016-09-27,10375.35,10476.97,10476.97,10352.02,148382851.0,sz399001
670,2016-09-28,10490.04,10467.16,10492.93,10436.12,128838324.0,sz399001
671,2016-09-29,10477.04,10512.25,10553.01,10477.04,137601784.0,sz399001
672,2016-09-30,10504.29,10567.58,10590.37,10499.47,128139198.0,sz399001
673,2016-10-10,10612.21,10741.69,10741.69,10584.7,185281398.0,sz399001
674,2016-10-11,10743.41,10782.31,10782.31,10727.45,194247878.0,sz399001
675,2016-10-12,10751.43,10788.59,10792.12,10733.31,182306704.0,sz399001
676,2016-10-13,10784.74,10787.49,10818.04,10757.49,188185774.0,sz399001
677,2016-10-14,10774.37,10759.68,10774.37,10692.07,178955421.0,sz399001
678,2016-10-17,10770.34,10651.5,10783.67,10624.82,191944732.0,sz399001
679,2016-10-18,10637.69,10797.02,10797.02,10637.69,191065156.0,sz399001
680,2016-10-19,10811.27,10757.92,10824.41,10733.69,201237047.0,sz399001
681,2016-10-20,10763.46,10784.33,10802.66,10752.92,195500610.0,sz399001
682,2016-10-21,10783.56,10748.9,10802.54,10678.12,200917345.0,sz399001
683,2016-10-24,10755.49,10842.64,10871.16,10740.18,210372712.0,sz399001
684,2016-10-25,10846.76,10871.5,10871.66,10841.2,206162612.0,sz399001
685,2016-10-26,10871.24,10817.51,10871.24,10793.63,218186117.0,sz399001
686,2016-10-27,10805.8,10788.97,10808.14,10745.28,178155812.0,sz399001
687,2016-10-28,10783.28,10711.04,10836.77,10710.93,192463069.0,sz399001
688,2016-10-31,10685.36,10704.3,10719.04,10630.3,164562202.0,sz399001
689,2016-11-01,10714.82,10796.14,10797.06,10706.87,177627271.0,sz399001
690,2016-11-02,10771.35,10692.65,10785.11,10686.94,208026614.0,sz399001
691,2016-11-03,10662.16,10743.96,10804.26,10655.14,233632510.0,sz399001
692,2016-11-04,10737.91,10702.57,10784.84,10684.47,204276926.0,sz399001
693,2016-11-07,10704.26,10695.18,10729.99,10663.56,205824951.0,sz399001
694,2016-11-08,10734.07,10763.13,10785.88,10722.36,200168038.0,sz399001
695,2016-11-09,10768.86,10697.11,10785.09,10575.16,246924730.0,sz399001
696,2016-11-10,10777.1,10821.66,10848.98,10777.1,242295173.0,sz399001
697,2016-11-11,10823.93,10878.14,10878.14,10792.83,281999653.0,sz399001
698,2016-11-14,10855.98,10907.53,10952.61,10847.82,285351576.0,sz399001
699,2016-11-15,10910.15,10958.1,10958.1,10877.4,240766643.0,sz399001
700,2016-11-16,10970.7,10968.08,10998.92,10956.87,250475998.0,sz399001
701,2016-11-17,10942.1,10945.42,10961.8,10887.51,212322310.0,sz399001
702,2016-11-18,10946.88,10889.11,10963.66,10876.91,198971205.0,sz399001
703,2016-11-21,10877.08,10899.92,10955.44,10861.81,201748812.0,sz399001
704,2016-11-22,10910.42,10985.6,10985.6,10910.42,224188412.0,sz399001
705,2016-11-23,11011.0,10973.8,11041.52,10952.0,244814755.0,sz399001
706,2016-11-24,10960.64,10967.47,11030.12,10947.27,227850065.0,sz399001
707,2016-11-25,10966.36,11036.53,11036.53,10830.4,220609305.0,sz399001
708,2016-11-28,11078.77,11068.87,11108.87,11045.68,219691307.0,sz399001
709,2016-11-29,11039.62,11034.7,11124.81,11026.3,227891910.0,sz399001
710,2016-11-30,11023.66,11012.19,11072.06,10983.18,194226942.0,sz399001
711,2016-12-01,11037.11,11088.16,11090.93,11036.61,188491900.0,sz399001
712,2016-12-02,11074.54,10912.63,11078.29,10905.39,206628260.0,sz399001
713,2016-12-05,10776.12,10784.33,10894.08,10762.85,182669355.0,sz399001
714,2016-12-06,10798.8,10779.77,10833.81,10774.36,153386453.0,sz399001
715,2016-12-07,10780.21,10855.72,10855.72,10751.2,165389029.0,sz399001
716,2016-12-08,10865.22,10812.3,10865.22,10804.74,168931223.0,sz399001
717,2016-12-09,10802.18,10789.62,10835.91,10766.56,165299252.0,sz399001
718,2016-12-12,10774.59,10302.85,10775.57,10292.54,243139859.0,sz399001
719,2016-12-13,10280.44,10332.28,10364.06,10192.13,176990954.0,sz399001
720,2016-12-14,10318.07,10232.82,10333.66,10213.95,172728071.0,sz399001
721,2016-12-15,10202.24,10256.11,10331.98,10195.0,168623828.0,sz399001
722,2016-12-16,10258.64,10334.76,10346.53,10239.21,166599293.0,sz399001
723,2016-12-19,10330.61,10283.16,10330.61,10262.69,158432013.0,sz399001
724,2016-12-20,10275.44,10245.33,10276.63,10204.02,151266617.0,sz399001
725,2016-12-21,10266.19,10313.57,10320.34,10266.19,154183581.0,sz399001
726,2016-12-22,10310.72,10306.92,10323.07,10257.32,145831033.0,sz399001
727,2016-12-23,10304.63,10199.86,10311.39,10196.72,147891048.0,sz399001
728,2016-12-26,10163.51,10233.42,10233.42,10062.37,142659195.0,sz399001
729,2016-12-27,10229.91,10230.57,10270.98,10221.67,135860512.0,sz399001
730,2016-12-28,10229.01,10187.16,10246.77,10169.8,138421446.0,sz399001
731,2016-12-29,10177.03,10159.45,10222.52,10151.28,129922632.0,sz399001
732,2016-12-30,10175.5,10177.14,10204.09,10145.11,131023309.0,sz399001
733,2017-01-03,10205.14,10262.85,10275.13,10205.14,142799563.0,sz399001
734,2017-01-04,10264.43,10384.87,10384.87,10255.75,176261631.0,sz399001
735,2017-01-05,10382.6,10371.47,10396.9,10365.44,172154778.0,sz399001
736,2017-01-06,10362.85,10289.36,10363.12,10286.52,167935200.0,sz399001
737,2017-01-09,10281.31,10331.79,10337.7,10258.37,154048486.0,sz399001
738,2017-01-10,10327.01,10306.34,10357.14,10301.69,158569769.0,sz399001
739,2017-01-11,10294.3,10215.48,10331.37,10213.86,151352790.0,sz399001
740,2017-01-12,10207.43,10131.23,10236.09,10127.42,146913493.0,sz399001
741,2017-01-13,10135.68,10008.3,10155.22,9997.4,145844255.0,sz399001
742,2017-01-16,9993.56,9712.8,9993.56,9482.84,193278313.0,sz399001
743,2017-01-17,9684.53,9826.79,9827.91,9611.19,141204617.0,sz399001
744,2017-01-18,9801.08,9804.76,9858.79,9774.75,119205325.0,sz399001
745,2017-01-19,9781.64,9768.57,9821.22,9746.3,114572016.0,sz399001
746,2017-01-20,9763.04,9906.14,9925.17,9762.78,126388534.0,sz399001
747,2017-01-23,9919.41,9976.19,10010.08,9919.41,133303955.0,sz399001
748,2017-01-24,9972.61,9941.55,9978.27,9928.08,124810347.0,sz399001
749,2017-01-25,9931.62,9977.96,9991.5,9922.49,110843863.0,sz399001
750,2017-01-26,9989.85,10052.05,10053.36,9989.35,103735008.0,sz399001
751,2017-02-03,10061.29,10004.84,10066.7,9985.3,98785051.0,sz399001
752,2017-02-06,10004.22,10078.73,10080.58,9984.64,125749176.0,sz399001
753,2017-02-07,10072.51,10055.57,10093.67,10011.77,140322344.0,sz399001
754,2017-02-08,10043.61,10130.12,10130.12,10003.92,151350136.0,sz399001
755,2017-02-09,10124.45,10182.73,10194.42,10116.45,174402073.0,sz399001
756,2017-02-10,10184.57,10186.38,10212.48,10155.36,188956974.0,sz399001
757,2017-02-13,10188.71,10270.83,10279.12,10187.09,181903477.0,sz399001
758,2017-02-14,10273.09,10264.92,10286.37,10234.37,161967542.0,sz399001
759,2017-02-15,10259.95,10177.25,10294.77,10160.11,184658833.0,sz399001
760,2017-02-16,10175.12,10253.96,10253.96,10163.24,164691735.0,sz399001
